CREATE TABLE Emps(
Employee_Id INT PRIMARY KEY,
First_Name VARCHAR(20),
Last_Name VARCHAR(25) NOT NULL,
Email VARCHAR(25) NOT NULL,
Phone_Number VARCHAR(15),
Hire_Date DATE NOT NULL,
Job_Id VARCHAR(10) NOT NULL,
Salary DECIMAL(8,2), 
Commission_pct DECIMAL(2,2), 
Manager_id INT,
Department_Id INT);


CREATE TABLE Depts(
Department_id INT PRIMARY KEY,
Department_Name VARCHAR(30) NOT NULL,
Manager_id INT,
Location_id INT);


CREATE TABLE Locs(
Location_id INT PRIMARY KEY,
Street_Address VARCHAR(40),
Postal_Code VARCHAR(12),
City VARCHAR(30) NOT NULL,
State_Province VARCHAR(25),
Country_ID CHAR(2));

INSERT INTO Emps VALUES(100, 'Steven','King', 'SKING','515.123.4567', '2006-06-17', 'AD_PRESS',24000.00, NULL, NULL, 90);
INSERT INTO Emps VALUES(101, 'Neena','Kochar', 'NKOCHAR','515.123.4568', '2008-09-21', 'AD_VP',17000.00, NULL, 100, 90);
INSERT INTO Emps VALUES(102, 'Lex','De Haan', 'DEHAAN','515.123.4569', '2009-01-13', 'AD_VP',17000.00, NULL, 100, 90);
INSERT INTO Emps VALUES(103, 'Alexander','Hunold', 'AHUNOLD','590.423.4567', '2008-01-03', 'IT_PROG',9000.00,NULL, 102, 60);
INSERT INTO Emps VALUES(104, 'Bruce','Ernst', 'BERNST','590.423.4568', '2009-05-21', 'IT_PROG',6000.00,NULL, 103, 60);
INSERT INTO Emps VALUES(107, 'Diana','Lorentz', 'DLORENTZ','590.423.5567', '2008-02-07', 'IT_PROG',4200.00,NULL, 103, 60);
INSERT INTO Emps VALUES(124, 'Kevin','Mourgos', 'KMORGOS','650.123.5234', '2012-11-16', 'ST_MAN',5800.00,NULL, 100, 50);
INSERT INTO Emps VALUES(141, 'Treena','Rajs', 'RRAJS','650.121.5234', '2004-10-17', 'ST_CLERK',3500.00,NULL, 124, 50);
INSERT INTO Emps VALUES(142, 'Curtis','Davies', 'CDAVIES','121.123.5234', '2007-01-29', 'ST_CLERK',3100.00,NULL, 124, 50);
INSERT INTO Emps VALUES(143, 'Randall','Matos', 'RMATOS','121.123.5234', '2008-03-15', 'ST_CLERK',2600.00,NULL, 124, 50);
INSERT INTO Emps VALUES(144, 'Peter','Vargas', 'PVARGAS','121.123.5234', '2008-07-09', 'ST_CLERK',2500.00,NULL, 124, 50);
INSERT INTO Emps VALUES(149, 'Eleni','Zlotkey', 'EZLOTKEY','44.1344.429018', '2014-01-29', 'SA_MAN',10500.00,0.20, 100, 80);
INSERT INTO Emps VALUES(174, 'Ellen','Abel', 'EABEL','44.1644.429017', '2004-05-11', 'SA_REP',11000.00,0.30, 149, 80);
INSERT INTO Emps VALUES(176, 'Jnathon','Taylor', 'JTAILOR','44.1644.429021', '2008-03-24', 'SA_MAN',8600.00,0.20, 149, 80);
INSERT INTO Emps VALUES(178, 'Kimberely','Grant', 'KGRANT','44.1644.429023', '2009-05-24', 'SA_MAN',7000.00,0.15, 149, NULL);
INSERT INTO Emps VALUES(200, 'Jennifer','Whalem', 'JWHALEN','515.123.4444', '2003-09-17', 'ADD_ASST',4400.00,NULL, 101, 10);
INSERT INTO Emps VALUES(201, 'Michael','Hartstein', 'MHARSTEIN','515.123.5555', '2008-02-17', 'MK_MAN',13000.00,NULL, 100, 20);
INSERT INTO Emps VALUES(202, 'Pat','Fay','PFAY','603.123.6666', '2010-08-17', 'MK_REP',6000.00,NULL, 201, 20);
INSERT INTO Emps VALUES(205, 'Shelley','Higgins', 'SHIGGINS','515.123.8050', '2007-06-07', 'AC_MGR',12000.00,NULL, 101, 110);
INSERT INTO Emps VALUES(206, 'William','Gietz', 'WGIETZ','515.123.8181', '2007-06-07', 'AC_ACCOUNT',8300.00,NULL, 205, 110);

INSERT INTO Locs VALUES(1400, '2014 Jabberwocky Rd','26192','Southlake', 'Texas', 'US');
INSERT INTO Locs VALUES(1500, '2011 Interiors Blvd','99236','South San Francisco', 'California', 'US');
INSERT INTO Locs VALUES(1700, '2004 Charade Rd','98199', 'Seattle','Washington', 'US');
INSERT INTO Locs VALUES(1800, '460 Bloor St. W.','ON M5S 1X8', 'Toronto','Ontario', 'CA');
INSERT INTO Locs VALUES(2500, 'Magdalen Centre- The Oxford Sc. Park','OX9 9ZB', 'OXford','Oxford', 'UK');

INSERT INTO Depts VALUES(10, 'Administration', 200, 1700);
INSERT INTO Depts VALUES(20, 'Marketing', 201, 1800);
INSERT INTO Depts VALUES(50, 'Shipping', 124, 1500);
INSERT INTO Depts VALUES(60, 'IT', 103, 1400);
INSERT INTO Depts VALUES(80, 'Sales', 149, 2500);
INSERT INTO Depts VALUES(90, 'Executive', 100, 1700);
INSERT INTO Depts VALUES(110, 'Accounting', 205, 1700);
INSERT INTO Depts VALUES(190, 'Contracting', NULL, 1700);